model,keypoints,reps,stability,robustness,cpu_fps,gpu_fps,size_mb,speed,gate_pass,gate_fail_reason,deploy_rank,score
rtmpose-x,0.8937074829931974,0.9502725827424642,0.7900769282410567,0.956084656084656,,29.76690176499741,,0.992230058833247,False,no CPU benchmark,1,0.9083941496108437
mediapipe-heavy,0.7848639455782312,0.9509076090968057,0.8151475756445044,0.9585798816568045,18.343365233850385,,30.664242,1.0,True,,1,0.8698026050178501
mediapipe-lite,0.8035714285714285,0.9505035014167701,0.764274973061591,0.9596491228070174,64.6154136701491,,5.777746,1.0,True,,1,0.8696606050227044
mediapipe-full,0.7891156462585034,0.9473283696450634,0.7993802092667501,0.9564971751412429,66.3332629636733,,9.398198,1.0,True,,1,0.868035099818804
vitpose-base,0.8928571428571429,0.9454810202506164,0.7603557794277536,0.9643979057591622,2.2721398945066698,28.693898563764634,,0.5918386374547441,False,CPU 2.3 fps < 10.0; no declared export path,4,0.863190133441065
vitpose-large,0.8792517006802721,0.9454810202506166,0.7936673413510869,0.9668449197860962,1.481646223496357,17.848115951423157,,0.37155091036520377,False,CPU 1.5 fps < 10.0; no declared export path,4,0.8409606195525561
rtmpose-m,0.8443877551020408,0.9479633959994042,0.75,0.9585227272727274,0.16914769780454994,63.28884115664893,,0.5084573848902275,False,CPU 0.2 fps < 10.0,1,0.8339439622569629
yolo11n-pose,0.729591836734694,0.9513117167768409,0.6959524743331106,0.9695652173913043,36.91125073298766,190.55499464782505,6.255593,1.0,True,,2,0.8310140567771848
rtmpose-s,0.8078231292517005,0.9463469652792637,0.7457437037769454,0.9662790697674419,0.9498760596387124,129.9566724777302,,0.5474938029819356,False,CPU 0.9 fps < 10.0,1,0.8229548358619756
yolo11s-pose,0.7023809523809524,0.9469242619650281,0.7158777890578023,0.9628930817610064,19.408834275328815,213.28391011286078,20.373161,1.0,True,,2,0.821354422978409
yolo11m-pose,0.7032312925170068,0.9418440511302987,0.6974214873097172,0.9675,10.65511757567112,155.30293867752306,42.459307,1.0,True,,2,0.818116752885835
yolo11x-pose,0.7440476190476191,0.9475015586507928,0.6914406256109277,0.9632530120481928,4.2637369082845495,76.21346243866422,118.48101,0.7131868454142275,False,CPU 4.3 fps < 10.0,2,0.8058545168696271
yolo11l-pose,0.6785714285714285,0.9484252333480173,0.6674647783750529,0.9722580645161291,7.454204753352629,127.07378487020038,53.164402,0.8727102376676314,False,CPU 7.5 fps < 10.0,2,0.7931514267402098
